Workbook
Name categoryHidden7: [1]categoryHidden7!A1:A29
Name categoryHidden22: [2]categoryHidden22!A1:A167

Sheet 工资
A1: 9小巴依（上海）供应链管理有限公司2026年9月员工工资总表（2026.9.1-9.30）
A2: 21.75 | B2: 部门 | C2: 入职时间 | D2: 员工姓名 | E2: 岗位 | F2: 应出勤天数 | G2: 实际出勤天数 | H2: 支援门店出勤天数 | I2: 出勤率 | J2: 考勤(天数) | T2: 通报（个数） | AB2: 工资标准 | AC2: 底薪总和构成项 | AK2: 底薪总和 | AL2: 上班出勤工资 | AM2: 金额 | AR2: 应发工资 | AS2: 扣款项 | BD2: 实发工资 | BE2: 备注
A3: 序号 | J3: 事假1 | K3: 事假2 | L3: 缺勤 | M3: 旷工 | N3: 迟到/早退 | O3: 缺卡 | P3: 年假 | Q3: 婚/丧/产假 | R3: 本月实休 | S3: 剩余调休 | T3: 口头表扬 | U3: 通报嘉奖 | V3: 记功 | W3: 记大功 | X3: 口头批评 | Y3: 通报批评 | Z3: 记过 | AA3: 记大过 | AC3: 岗位工资 | AD3: 全勤工资 | AE3: 社会保险补贴 | AF3: 公积金补贴 | AG3: 交通通讯补助 | AH3: 竞业费 | AI3: 洗理费 | AJ3: 固定加班费 | AM3: 绩效考核工资 | AN3: 额外绩效金 | AO3: 提成 | AP3: 补发 | AQ3: 生产超产奖励 | AS3: 通报奖惩 | AT3: 迟到 | AU3: 缺卡/外勤 | AV3: 通报赔偿 | AW3: 早晚餐 | AX3: 物业费 | AY3: 其他扣款 | AZ3: 公积金 | BA3: 社保 | BB3: 财务挂账 | BC3: 个税
A4: 1 | B4: 上海分公司 | C4: 2020.1.1 | D4: 张三 | E4: 总经理 | F4: =VLOOKUP(D4,'9月考勤'!E:AK,33,0) -> 22 | G4: =F4-J4-K4-L4-M4 -> 22 | I4: =VLOOKUP(D4,'9月考勤'!E:AM,35,0) -> 1 | J4: =VLOOKUP(D4,'9月考勤'!E:AN,36,0) -> 0 | K4: =VLOOKUP(D4,'9月考勤'!E:AO,37,0) -> 0 | N4: =VLOOKUP(D4,'9月考勤'!E:AQ,39,0) -> 0 | R4: =VLOOKUP(D4,'9月考勤'!E:AW,45,0) -> 7 | S4: =VLOOKUP(D4,'9月考勤'!E:AX,46,0) -> 0 | T4: =VLOOKUP(D4,'9月通报'!A:I,9,0) -> 2 | U4: =VLOOKUP(D4,'9月通报'!A:K,11,0) -> 0 | V4: =VLOOKUP(D4,'9月通报'!A:G,7,0) -> 0 | X4: =VLOOKUP(D4,'9月通报'!A:J,10,0) -> 16 | Y4: =VLOOKUP(D4,'9月通报'!A:L,12,0) -> 4 | AB4: 15000 | AC4: 3750 | AD4: =ROUND(IF(I4<95%,0,IF(I4>=95%,200)),2) -> 200 | AE4: =AB4*0.27 -> 4050 | AF4: =AB4*0.05 -> 750 | AG4: 0 | AH4: 450 | AI4: 0 | AJ4: 800 | AK4: =AC4+AD4+AF4+AH4+AJ4+AE4+AG4+AI4 -> 10000 | AL4: =ROUND(AK4/$A$2*((23-J4-K4))*(21.75/(23)),2) -> 10000 | AM4: =VLOOKUP(D4,'9月绩效考评表'!B:C,2,0) -> 95 | AR4: =ROUND(AL4+AM4+AO4+AP4+AQ4,2) -> 10095 | AS4: =T4*5+U4*50+V4*500+W4*5000+X4*-5+Y4*-50+Z4*-500+AA4*-5000 -> -270 | AT4: =N4*10 -> 0 | AU4: =O4*10 -> 0 | AV4: =VLOOKUP(D4,'9月通报赔偿'!A:F,6,0) -> 826.8 | AZ4: =VLOOKUP(D4,'9月社保&公积金、8月补缴'!B:P,15,0) -> 400 | BA4: =VLOOKUP(D4,'9月社保&公积金、8月补缴'!Z:AN,15,0) -> 840 | BD4: =ROUND(AR4+AS4-AT4-AU4-AV4-AW4-AX4-AY4-AZ4-BA4-BB4-BC4,2) -> 7758.2 | BE4: =VLOOKUP(D4,'9月考勤'!E:AY,47,0) -> 田方舟：上月剩余调休0天，本月应休8天，实休7天，截止9.30剩余调休0天，年假5天
A5: 汇总 | D5: =#REF! -> #REF! | F5: =ROUND(SUM(F4:F4),2) -> 22 | G5: =ROUND(SUM(G4:G4),2) -> 22 | H5: =ROUND(SUM(H4:H4),2) -> 0 | I5: =ROUND(SUM(I4:I4),2) -> 1 | J5: =ROUND(SUM(J4:J4),2) -> 0 | K5: =ROUND(SUM(K4:K4),2) -> 0 | L5: =ROUND(SUM(L4:L4),2) -> 0 | M5: =ROUND(SUM(M4:M4),2) -> 0 | ... AD5: =ROUND(SUM(AD4:AD4),2) -> 200 | AF5: =ROUND(SUM(AF4:AF4),2) -> 750 | AH5: =ROUND(SUM(AH4:AH4),2) -> 450 | AJ5: =ROUND(SUM(AJ4:AJ4),2) -> 800 | AK5: =ROUND(SUM(AK4:AK4),2) -> 10000 | AL5: =ROUND(SUM(AL4:AL4),2) -> 10000 | AM5: =ROUND(SUM(AM4:AM4),2) -> 95 | AO5: =ROUND(SUM(AO4:AO4),2) -> 0 | AP5: =ROUND(SUM(AP4:AP4),2) -> 0 | AQ5: =ROUND(SUM(AQ4:AQ4),2) -> 0 | AR5: =ROUND(SUM(AR4:AR4),2) -> 10095 | AS5: =ROUND(SUM(AS4:AS4),2) -> -270 | AT5: =ROUND(SUM(AT4:AT4),2) -> 0 | AU5: =ROUND(SUM(AU4:AU4),2) -> 0 | AV5: =ROUND(SUM(AV4:AV4),2) -> 826.8 | ... BD5: =ROUND(SUM(BD4:BD4),2) -> 7758.2
AZ6: =AZ5-#REF! -> #REF! | BA6: =BA5-#REF! -> #REF! | BB6: =BB5-#REF! -> #REF! | BC6: =BC5-#REF! -> #REF!
BD7: =BD5+AT5+AU5+AV5+AW5+AX5+AY5+AZ5+BA5+BB5+BC5 -> 9825
BD8: =#REF!+#REF! -> #REF!
BD9: =BD5-BD8 -> #REF!

Sheet 9月考勤
A1: 上海团队 | B1: 序号 | C1: 部门 | D1: 岗位 | E1: 姓名 | F1: 出勤动态 | G1: 星期二 | H1: 星期三 | I1: 星期四 | J1: 星期五 | K1: 星期六 | L1: 星期日 | M1: 星期一 | N1: 星期二 | O1: 星期三 | P1: 星期四 | Q1: 星期五 | R1: 星期六 | S1: 星期日 | T1: 星期一 | U1: 星期二 | V1: 星期三 | W1: 星期四 | X1: 星期五 | Y1: 星期六 | Z1: 星期日 | AA1: 星期一 | AB1: 星期二 | AC1: 星期三 | AD1: 星期四 | AE1: 星期五 | AF1: 星期六 | AG1: 星期日 | AH1: 星期一 | AI1: 星期二 | AJ1: 星期三 | AK1: 应出勤天数 | AL1: 实际出勤 | AM1: 出勤率 | AN1: 事假1 | AO1: 事假2 | AP1: 旷工 | AQ1: 迟到/早退 | AR1: 缺卡/外勤 | AS1: 年假 | AT1: 婚/丧/产假 | AU1: 上月累计欠休 | AV1: 本月应休 | AW1: 本月实休 | AX1: 截止9.30剩余调休 | AY1: 备注
G2: 46266 | H2: 46267 | I2: 46268 | J2: 46269 | K2: 46270 | L2: 46271 | M2: 46272 | N2: 46273 | O2: 46274 | P2: 46275 | Q2: 46276 | R2: 46277 | S2: 46278 | T2: 46279 | U2: 46280 | V2: 46281 | W2: 46282 | X2: 46283 | Y2: 46284 | Z2: 46285 | AA2: 46286 | AB2: 46287 | AC2: 46288 | AD2: 46289 | AE2: 46290 | AF2: 46291 | AG2: 46292 | AH2: 46293 | AI2: 46294 | AJ2: 46295
B3: 1 | C3: 电商 | D3: 负责人 | E3: 张三 | F3: 班次 | H3: 不打卡 | I3: 不打卡 | J3: 不打卡 | K3: 不打卡 | M3: 不打卡 | N3: 不打卡 | O3: 不打卡 | P3: 不打卡 | Q3: 不打卡 | T3: 不打卡 | U3: 不打卡 | V3: 不打卡 | W3: 不打卡 | X3: 不打卡 | Z3: 不打卡 | AA3: 不打卡 | AB3: 不打卡 | AC3: 不打卡 | AD3: 不打卡 | AG3: 不打卡 | AH3: 不打卡 | AI3: 不打卡 | AJ3: 不打卡 | AK3: 22 | AL3: 23 | AM3: =(AK3-AN3-AP3)/AK3 -> 1 | AS3: 5 | AU3: 0 | AV3: 8 | AW3: 7 | AX3: 0 | AY3: 田方舟：上月剩余调休0天，本月应休8天，实休7天，截止9.30剩余调休0天，年假5天
G4: 调休1 | H4: √ | I4: √ | J4: √ | K4: √ | L4: 调休1 | M4: √ | N4: √ | O4: √ | P4: √ | Q4: √ | R4: 调休1 | S4: 调休1 | T4: √ | U4: √ | V4: √ | W4: √ | X4: √ | Y4: 调休1 | Z4: √ | AA4: √ | AB4: √ | AC4: √ | AD4: √ | AE4: 调休1 | AF4: 调休1 | AG4: √ | AH4: √ | AI4: √ | AJ4: √
G5: 事假08-31 00:00到09-01 23:59 2天 (-) | L5: 调休09-06 00:00到09-06 23:59 1天 (-) | R5: 调休09-12 00:00到09-13 23:59 2天 (-) | S5: 调休09-12 00:00到09-13 23:59 2天 (-) | Y5: 调休09-19 00:00到09-19 23:59 1天 (-) | AE5: 调休09-25 00:00到09-26 23:59 2天 (-) | AF5: 调休09-25 00:00到09-26 23:59 2天 (-) | AJ5: 上海分公司:未打卡 (-)
A7: 备注：注意看折叠的表格

Sheet 9月社保&公积金、8月补缴
A4: 上海启界源科技有限公司-员工公积金缴纳明细台账 | Y4: （2026年9月）上海启界源科技有限公司-员工社保缴纳明细台账
A5: 序号 | B5: 姓名 | C5: 户口性质 | D5: 所属部门 | E5: 个人社保账号 | F5: 缴费基数 | G5: 企业缴费-5% | L5: 小计 | M5: 个人缴费-5% | P5: 小计 | Q5: 合计 | Y5: 序号 | Z5: 姓名 | AA5: 户口性质 | AB5: 所属部门 | AC5: 个人社保账号 | AD5: 缴费基数 | AE5: 企业缴费 | AJ5: 小计 | AK5: 个人缴费 | AN5: 小计 | AO5: 合计
G6: 0.05 | M6: 0.05 | AE6: 养老 | AF6: 医疗（生育） | AG6: 地方附加医疗保险 | AH6: 失业 | AI6: 工伤 | AK6: 养老 | AL6: 城镇医疗 | AM6: 失业
AE7: 0.16 | AF7: 0.085 | AG7: 0.005 | AH7: 0.005 | AI7: 0.2% | AK7: 0.08 | AL7: 0.02 | AM7: 0.005
A8: 4 | B8: 张三 | C8: 城镇 | F8: 8000 | G8: 400 | L8: 400 | M8: 400 | P8: 400 | Q8: 800 | Y8: 4 | Z8: 张三 | AA8: 城镇 | AD8: 8000 | AE8: 1280 | AF8: 680 | AG8: 40 | AH8: 40 | AI8: 16 | AJ8: 2056 | AK8: 640 | AL8: 160 | AM8: 40 | AN8: 840 | AO8: 2896
A9: 合计 | F9: 71000 | G9: 3550 | L9: 3550 | M9: 3550 | P9: =SUM(P8:P8) -> 400 | Q9: 7100 | Y9: 合计 | AD9: 73546 | AE9: 11767.36 | AF9: 6251.41 | AG9: 367.73 | AH9: 367.73 | AI9: 147.09 | AJ9: 18901.32 | AK9: 5883.68 | AL9: 1470.92 | AM9: 367.73 | AN9: 7722.33 | AO9: 26623.65
P11: =P9+#REF!-#REF!-#REF! -> #REF!
AN12: =AN9+#REF!-#REF!-#REF!-#REF! -> #REF!
A13: 分割线
A14: 注* 标黄人员为下月需补缴本月的人员

Sheet 9月通报
A1: 求和项:通报数量 | E1: 通报类型
A2: 通报责任人 | B2: 一级 | C2: 二级 | D2: 三级 | E2: 部门嘉奖 | F2: 记大过 | G2: 记功 | H2: 记过 | I2: 口头表扬 | J2: 口头批评 | K2: 通报嘉奖 | L2: 通报批评 | M2: 总计 | O2: 姓名 | P2: 口头表扬 | Q2: 次数 | R2: 通报嘉奖 | S2: 次数 | T2: 记功 | U2: 次数 | V2: 记大功 | W2: 口头批评 | X2: 次数 | Y2: 通报批评 | Z2: 次数 | AA2: 记过 | AB2: 次数 | AC2: 记大过 | AD2: 通报奖惩金额
A3: 张三 | B3: 上海分公司 | C3: 上海分公司 | D3: 上海分公司 | I3: 2 | J3: 16 | L3: 4 | M3: 22

Sheet 9月通报赔偿
A1: 通报责任人 | B1: 部门 | C1: 公司 | D1: 财务挂账 | E1: 年度绩效 | F1: 通报赔偿 | G1: 总计
A2: 张三 | B2: =VLOOKUP(A2,[3]花名册!B:F,5,FALSE) -> #N/A | C2: =VLOOKUP(A2,[3]花名册!B:G,6,FALSE) -> #N/A | F2: 826.8 | G2: =SUM(D2:F2) -> 826.8

Sheet 9月绩效考评表
A1: 2026年9月绩效考核表
A2: 序号 | B2: 姓名 | C2: 绩效考核分数 | D2: 绩效考核系数 | E2: 截图
A3: 1 | B3: 张三 | C3: 95 | D3: 0.95

Sheet 9月新入职人员碳14费用
A2: 姓名 | B2: 费用 | C2: 截图
A3: 张三 | B3: 98

Sheet 2026年计薪天数

Sheet Sheet1
